#Belgrave Line - To City,,,,,,,,,,,,,,,,,,,,,,,,
"# - : no train;  | : non-stop train (train goes through the station but does not stop, blank field (empty field) : train does not go through the station (e.g. morning dep from Flinders to suburbs does go through city loop)",,,,,,,,,,,,,,,,,,,,,,,,
#station,Belgrave,Tecoma,Upwey,Upper Ferntree Gully (ARR),Upper Ferntree Gully (DEP),Ferntree Gully,Boronia,Bayswater,Heathmont,Ringwood,Heatherdale,Mitcham,Nunawading,Blackburn,Laburnum,Box Hill,Mont Albert,Surrey Hills,Chatham,Canterbury,East Camberwell,Camberwell,Auburn,Glenferrie
t1,4:27,4:29,4:31,4:35,4:35,4:38,4:40,4:43,4:47,4:50,4:52,4:54,4:57,5:00,5:02,5:05,5:07,5:08,5:10,5:12,5:14,5:16,5:18,5:20
t2,-,-,-,-,-,-,-,-,-,5:05,5:07,5:09,5:12,5:15,5:17,5:20,5:22,5:23,5:25,5:27,5:29,5:31,5:33,5:35
t3,4:55,4:57,4:59,5:03,5:03,5:06,5:08,5:11,5:15,5:18,-,-,-,-,-,-,-,-,-,-,-,-,-,-
t4,-,-,-,-,-,-,-,-,-,5:20,5:22,5:24,5:27,5:30,5:32,5:35,5:37,5:38,5:40,5:42,5:44,5:46,|,|
t5,-,-,-,-,-,-,-,-,-,-,-,-,-,-,-,-,-,-,-,-,-,5:50,5:52,5:54
t6,5:12,5:14,5:16,5:20,5:20,5:23,5:25,5:28,5:32,5:35,5:37,5:39,5:42,5:45,5:47,5:50,5:52,5:53,5:55,5:57,5:59,6:01,6:03,6:05
t7,-,-,-,-,-,-,-,-,-,5:50,5:52,5:54,5:57,6:00,6:02,6:05,6:07,6:08,6:10,6:12,6:14,6:16,|,|
t8,-,-,-,-,-,-,-,-,-,-,-,-,-,-,-,-,-,-,-,-,-,6:18,6:20,6:22
t9,5:42,5:44,5:46,5:50,5:50,5:53,5:55,5:58,6:02,6:05,6:07,6:09,6:12,6:15,6:17,6:20,6:22,6:23,6:25,6:27,6:29,6:31,|,|
t10,-,-,-,-,-,-,-,-,-,-,-,-,-,-,-,-,-,-,-,-,-,6:34,6:36,6:38
t11,-,-,-,-,-,-,-,-,-,6:18,6:20,6:22,6:25,6:28,|,6:32,|,|,|,|,|,6:39,|,|
t12,-,-,-,-,-,-,-,-,-,6:21,6:23,6:25,6:28,6:31,6:33,6:36,6:38,6:39,6:41,6:43,6:45,6:47,|,6:50
t13,6:04,6:06,6:08,6:12,6:12,6:15,6:17,6:20,6:24,6:27,6:29,6:31,6:34,6:37,6:39,6:42,6:44,6:45,6:47,6:49,6:51,6:53,|,6:56
t14,-,-,-,-,-,-,-,-,-,6:34,6:36,6:38,6:41,6:44,6:46,6:49,|,|,|,|,|,6:55,|,6:58
t15,-,-,-,-,-,-,-,-,-,-,-,-,-,-,-,-,-,-,-,-,-,6:56,6:58,7:00
t16,-,-,-,-,-,-,-,-,-,6:37,6:39,6:41,6:44,6:47,6:49,6:52,6:54,6:55,6:57,6:59,7:01,7:03,7:05,7:07
t17,6:22,6:24,6:26,6:30,6:30,6:33,6:35,6:38,6:42,6:45,6:47,6:49,6:52,6:55,6:57,7:00,7:02,7:03,7:05,7:07,7:09,7:11,|,|
t18,-,-,-,-,-,-,-,-,-,6:49,6:51,6:53,6:56,6:59,|,7:03,|,|,|,|,|,7:09,|,|
t19,-,-,-,-,-,-,-,-,-,-,-,-,-,-,-,-,-,-,-,-,-,7:13,7:15,7:17
t20,-,-,-,-,-,-,-,-,-,6:56,6:58,7:00,7:03,7:06,7:08,7:11,7:13,7:14,7:16,7:18,7:20,7:22,7:24,7:26
t21,-,-,-,-,6:44,6:47,6:49,6:52,6:56,7:00,7:02,7:04,7:07,7:10,|,7:14,|,|,|,|,|,|,|,|
t22,-,-,-,-,-,-,-,-,-,7:03,7:05,7:07,7:10,7:13,|,7:17,|,7:19,|,|,|,|,|,|
t23,-,-,-,-,-,-,-,-,-,-,-,-,-,-,-,-,-,-,-,-,-,7:28,7:30,7:32
t24,-,-,-,-,-,-,-,-,-,7:07,7:09,7:11,7:14,7:17,7:19,7:22,7:24,7:25,7:27,7:29,7:31,7:33,7:35,7:37
t25,6:46,6:48,6:50,6:54,6:54,6:57,6:59,7:02,7:06,7:10,7:12,7:14,7:17,7:20,|,7:24,|,|,|,|,|,|,|,|
t26,-,-,-,-,-,-,-,-,-,7:14,7:16,7:18,7:21,7:24,|,7:28,|,7:30,|,|,|,|,|,|
t27,-,-,-,-,-,-,-,-,-,7:17,7:19,7:21,7:24,7:27,7:29,7:32,7:34,7:35,7:37,7:39,7:41,7:43,7:45,7:47
t28,6:56,6:58,7:00,7:04,7:04,7:07,7:09,7:12,7:16,7:20,7:22,7:24,7:27,7:30,|,7:34,|,|,|,|,|,7:40,|,7:43
t29,-,-,-,-,-,-,-,-,-,7:24,7:26,7:28,7:31,7:34,|,7:38,|,7:40,|,|,|,|,|,|
t30,-,-,-,-,-,-,-,-,-,-,-,-,-,7:37,7:39,7:42,7:44,7:45,7:47,7:49,7:51,7:53,7:55,7:57
t31,7:05,7:07,7:09,7:13,7:13,7:16,7:18,7:21,7:25,7:29,7:31,7:33,7:36,7:39,7:41,7:44,|,|,|,|,|,|,|,|
t32,-,-,-,-,-,-,-,-,-,-,-,-,-,-,-,-,-,-,-,-,-,7:48,7:50,7:52
t33,-,-,-,-,-,-,-,-,-,7:33,7:35,7:37,7:40,7:43,|,7:47,|,7:49,|,|,|,|,|,|
t34,7:13,7:15,7:17,7:21,7:21,7:24,7:26,7:29,7:33,7:37,7:39,7:41,7:44,7:47,7:49,7:52,|,|,|,|,|,7:58,|,8:01
t35,-,-,-,-,-,-,-,-,-,-,-,-,-,7:49,7:51,7:54,7:56,7:57,7:59,8:01,8:03,8:05,8:07,8:09
t36,-,-,-,-,-,-,-,-,-,7:42,7:44,7:46,7:49,7:52,|,7:56,|,|,|,|,|,8:02,|,8:05
t37,7:22,7:24,7:26,7:30,7:30,7:33,7:35,7:38,7:42,7:46,7:48,7:50,7:53,7:56,|,8:00,|,|,|,|,|,|,|,|
t38,-,-,-,-,-,-,-,-,-,-,-,-,-,7:58,8:00,8:03,8:05,8:06,8:08,8:10,8:12,8:14,8:16,8:18
t39,-,-,-,-,-,-,-,-,-,7:50,7:52,7:54,7:57,8:00,8:02,8:05,|,|,|,|,|,|,|,|
t40,-,-,-,-,-,-,-,-,-,-,-,-,-,-,-,-,-,-,-,-,-,8:09,8:11,8:13
t41,7:31,7:33,7:35,7:39,7:39,7:42,7:44,7:47,7:51,7:55,7:57,7:59,8:02,8:05,|,8:09,|,8:11,|,|,|,|,|,|
t42,-,-,-,-,-,-,-,-,-,-,-,-,-,8:07,8:09,8:12,8:14,8:15,8:17,8:19,8:21,8:23,8:25,8:27
t43,-,-,-,-,-,-,-,-,-,8:00,8:02,8:04,8:07,8:10,|,8:14,|,|,|,|,|,8:20,|,8:23
t44,7:40,7:42,7:44,7:48,7:48,7:51,7:53,7:56,8:00,8:04,8:06,8:08,8:11,8:14,|,8:18,|,8:20,|,|,|,|,|,|
t45,-,-,-,-,-,-,-,-,-,-,-,-,-,-,-,-,-,-,-,-,-,8:28,8:30,8:32
t46,-,-,-,-,-,-,-,-,-,8:07,8:09,8:11,8:14,8:17,8:19,8:22,8:24,8:25,8:27,8:29,8:31,8:33,8:35,8:37
t47,-,-,-,-,7:55,7:58,8:00,8:03,8:07,8:10,8:12,8:14,8:17,8:20,|,8:24,|,|,|,|,|,|,|,|
t48,-,-,-,-,-,-,-,-,-,8:14,8:16,8:18,8:21,8:24,8:26,8:29,|,|,|,|,|,|,|,|
t49,-,-,-,-,-,-,-,-,-,-,-,-,-,8:27,8:29,8:32,8:34,8:35,8:37,8:39,8:41,8:43,8:45,8:47
t50,7:55,7:57,7:59,8:03,8:03,8:06,8:08,8:11,8:15,8:18,8:20,8:22,8:25,8:29,8:31,8:34,|,|,|,|,|,8:40,|,8:43
t51,-,-,-,-,-,-,-,-,-,8:22,8:24,8:26,8:29,8:32,8:34,8:37,|,|,|,|,|,8:43,|,8:46
t52,8:04,8:06,8:08,8:12,8:12,8:15,8:17,8:20,8:24,8:27,8:29,8:31,8:34,8:37,8:39,8:42,|,8:44,|,|,|,|,|,|
t53,-,-,-,-,-,-,-,-,-,-,-,-,-,-,-,-,-,-,-,-,-,8:48,8:50,8:52
t54,-,-,-,-,-,-,-,-,-,8:32,8:34,8:36,8:39,8:42,8:44,8:47,|,|,|,|,|,8:53,|,8:56
t55,-,-,-,-,-,-,-,-,-,-,-,-,-,8:44,8:46,8:49,8:51,8:52,8:54,8:56,8:58,9:00,9:02,9:04
t56,-,-,-,-,-,-,-,-,-,8:40,8:42,8:44,8:47,8:50,|,8:54,|,|,|,|,|,9:00,|,9:03
t57,-,-,-,-,-,-,-,-,-,-,-,-,-,-,-,-,-,-,-,-,-,9:04,9:06,9:08
t58,-,-,-,-,-,-,-,-,-,-,-,-,-,8:57,8:59,9:02,9:04,9:05,9:07,9:09,9:11,9:13,9:15,9:17
t59,-,-,-,-,-,-,-,-,-,8:51,8:53,8:55,8:58,9:01,|,9:05,|,|,|,|,|,|,|,|
t60,8:31,8:33,8:35,8:39,8:39,8:42,8:44,8:47,8:51,8:54,8:56,8:58,9:01,9:04,|,9:08,|,|,|,|,|,9:14,|,|
t61,-,-,-,-,-,-,-,-,-,-,-,-,-,-,-,-,-,-,-,-,-,9:20,9:22,9:24
t62,-,-,-,-,-,-,-,-,-,-,-,-,-,9:09,9:11,9:14,9:16,9:17,9:19,9:21,9:23,9:25,9:27,9:29
t63,-,-,-,-,-,-,-,-,-,9:09,9:11,9:13,9:16,9:19,9:21,9:24,|,|,|,|,|,9:30,|,9:33
t64,-,-,-,-,-,-,-,-,-,-,-,-,-,-,-,-,-,-,-,-,-,9:35,9:37,9:39
t65,-,-,-,-,-,-,-,-,-,-,-,-,-,9:23,9:25,9:28,9:30,9:31,9:33,9:35,9:37,9:39,9:41,9:43
t66,8:56,8:58,9:00,9:04,9:04,9:07,9:09,9:12,9:16,9:19,9:21,9:23,9:26,9:29,9:31,9:34,|,|,|,|,|,9:40,|,9:43
t67,-,-,-,-,-,-,-,-,-,-,-,-,-,9:35,9:37,9:40,9:42,9:43,9:45,9:47,9:49,9:51,9:53,9:55
t68,-,-,-,-,-,-,-,-,-,9:31,9:33,9:35,9:38,9:41,9:43,9:46,|,|,|,|,|,9:52,|,9:55
t69,-,-,-,-,-,-,-,-,-,-,-,-,-,9:45,9:47,9:50,9:52,9:53,9:55,9:57,9:59,10:01,10:03,10:05
t70,9:22,9:24,9:26,9:30,9:30,9:33,9:35,9:38,9:42,9:45,9:47,9:49,9:52,9:55,9:57,10:00,|,|,|,|,|,10:06,|,10:09
t71,-,-,-,-,-,-,-,-,-,-,-,-,-,9:57,9:59,10:02,10:04,10:05,10:07,10:09,10:11,10:13,10:15,10:17
t72,-,-,-,-,-,-,-,-,-,9:58,10:00,10:02,10:05,10:08,10:10,10:13,|,|,|,|,|,10:19,|,10:22
t73,-,-,-,-,-,-,-,-,-,-,-,-,-,10:10,10:12,10:15,10:17,10:18,10:20,10:22,10:24,10:26,10:28,10:30
t74,9:47,9:49,9:51,9:55,9:55,9:58,10:00,10:03,10:07,10:10,10:12,10:14,10:17,10:20,|,10:24,|,|,|,|,|,10:30,|,10:33
t75,-,-,-,-,-,-,-,-,-,-,-,-,-,10:22,10:24,10:27,10:29,10:30,10:32,10:34,10:36,10:38,10:40,10:42
t76,-,-,-,-,-,-,-,-,-,10:25,10:27,10:29,10:32,10:35,|,10:39,|,|,|,|,|,10:45,|,10:48
t77,-,-,-,-,-,-,-,-,-,-,-,-,-,10:37,10:39,10:42,10:44,10:45,10:47,10:49,10:51,10:53,10:55,10:57
t78,10:17,10:19,10:21,10:25,10:25,10:28,10:30,10:33,10:37,10:40,10:42,10:44,10:47,10:50,|,10:54,|,|,|,|,|,11:00,|,11:03
t79,-,-,-,-,-,-,-,-,-,-,-,-,-,10:52,10:54,10:57,10:59,11:00,11:02,11:04,11:06,11:08,11:10,11:12
t80,-,-,-,-,-,-,-,-,-,10:55,10:57,10:59,11:02,11:05,|,11:09,|,|,|,|,|,11:15,|,11:18
t81,-,-,-,-,-,-,-,-,-,-,-,-,-,11:07,11:09,11:12,11:14,11:15,11:17,11:19,11:21,11:23,11:25,11:27
t82,10:47,10:49,10:51,10:55,10:55,10:58,11:00,11:03,11:07,11:10,11:12,11:14,11:17,11:20,|,11:24,|,|,|,|,|,11:30,|,11:33
t83,-,-,-,-,-,-,-,-,-,-,-,-,-,11:22,11:24,11:27,11:29,11:30,11:32,11:34,11:36,11:38,11:40,11:42
t84,-,-,-,-,-,-,-,-,-,11:25,11:27,11:29,11:32,11:35,|,11:39,|,|,|,|,|,11:45,|,11:48
t85,-,-,-,-,-,-,-,-,-,-,-,-,-,11:37,11:39,11:42,11:44,11:45,11:47,11:49,11:51,11:53,11:55,11:57
t86,11:17,11:19,11:21,11:25,11:25,11:28,11:30,11:33,11:37,11:40,11:42,11:44,11:47,11:50,|,11:54,|,|,|,|,|,12:00,|,12:03
t87,-,-,-,-,-,-,-,-,-,-,-,-,-,11:52,11:54,11:57,11:59,12:00,12:02,12:04,12:06,12:08,12:10,12:12
t88,-,-,-,-,-,-,-,-,-,11:55,11:57,11:59,12:02,12:05,|,12:09,|,|,|,|,|,12:15,|,12:18
t89,-,-,-,-,-,-,-,-,-,-,-,-,-,12:07,12:09,12:12,12:14,12:15,12:17,12:19,12:21,12:23,12:25,12:27
t90,11:47,11:49,11:51,11:55,11:55,11:58,12:00,12:03,12:07,12:10,12:12,12:14,12:17,12:20,|,12:24,|,|,|,|,|,12:30,|,12:33
t91,-,-,-,-,-,-,-,-,-,-,-,-,-,12:22,12:24,12:27,12:29,12:30,12:32,12:34,12:36,12:38,12:40,12:42
t92,-,-,-,-,-,-,-,-,-,12:25,12:27,12:29,12:32,12:35,12:37,12:40,12:42,12:43,12:45,12:47,12:49,12:51,12:53,12:55
t93,12:17,12:19,12:21,12:25,12:25,12:28,12:30,12:33,12:37,12:40,12:42,12:44,12:47,12:50,12:52,12:55,12:57,12:58,13:00,13:02,13:04,13:06,13:08,13:10
t94,-,-,-,-,-,-,-,-,-,12:55,12:57,12:59,13:02,13:05,13:07,13:10,13:12,13:13,13:15,13:17,13:19,13:21,13:23,13:25
t95,12:47,12:49,12:51,12:55,12:55,12:58,13:00,13:03,13:07,13:10,13:12,13:14,13:17,13:20,13:22,13:25,13:27,13:28,13:30,13:32,13:34,13:36,13:38,13:40
t96,-,-,-,-,-,-,-,-,-,13:25,13:27,13:29,13:32,13:35,13:37,13:40,13:42,13:43,13:45,13:47,13:49,13:51,13:53,13:55
t97,13:17,13:19,13:21,13:25,13:25,13:28,13:30,13:33,13:37,13:40,13:42,13:44,13:47,13:50,13:52,13:55,13:57,13:58,14:00,14:02,14:04,14:06,14:08,14:10
t98,-,-,-,-,-,-,-,-,-,13:55,13:57,13:59,14:02,14:05,14:07,14:10,14:12,14:13,14:15,14:17,14:19,14:21,14:23,14:25
t99,13:47,13:49,13:51,13:55,13:55,13:58,14:00,14:03,14:07,14:10,14:12,14:14,14:17,14:20,14:22,14:25,14:27,14:28,14:30,14:32,14:34,14:36,|,|
t100,-,-,-,-,-,-,-,-,-,-,-,-,-,-,-,-,-,-,-,-,-,14:38,14:40,14:42
t101,-,-,-,-,-,-,-,-,-,14:25,14:27,14:29,14:32,14:35,14:37,14:40,14:42,14:43,14:45,14:47,14:49,14:51,|,14:54
t102,-,-,-,-,-,-,-,-,-,-,-,-,-,-,-,-,-,-,-,-,-,14:53,14:55,14:57
t103,14:17,14:19,14:21,14:25,14:25,14:28,14:30,14:33,14:37,14:40,14:42,14:44,14:47,14:50,14:52,14:55,14:57,14:58,15:00,15:02,15:04,15:06,|,15:09
t104,-,-,-,-,-,-,-,-,-,-,-,-,-,-,-,-,-,-,-,-,-,15:08,15:10,15:12
t105,-,-,-,-,-,-,-,-,-,14:55,14:57,14:59,15:02,15:05,15:07,15:10,15:12,15:13,15:15,15:17,15:19,15:21,|,15:24
t106,-,-,-,-,-,-,-,-,-,-,-,-,-,-,-,-,-,-,-,-,-,15:23,15:25,15:27
t107,-,-,-,-,-,-,-,-,-,15:02,15:04,15:06,15:09,15:12,15:14,15:17,15:19,15:20,15:22,15:24,15:26,15:28,15:30,15:32
t108,14:47,14:49,14:51,14:55,14:55,14:58,15:00,15:03,15:07,15:10,15:12,15:14,15:17,15:20,15:22,15:25,15:27,15:28,15:30,15:32,15:34,15:36,|,15:39
t109,-,-,-,-,-,-,-,-,-,-,-,-,-,-,-,-,-,-,-,-,-,15:38,15:40,15:42
t110,-,-,-,-,-,-,-,-,-,15:17,15:19,15:21,15:24,15:27,15:29,15:32,15:34,15:35,15:37,15:39,15:41,15:43,15:45,15:47
t111,-,-,-,-,-,-,-,-,-,15:25,15:27,15:29,15:32,15:35,15:37,15:40,15:42,15:43,15:45,15:47,15:49,15:51,|,15:54
t112,-,-,-,-,-,-,-,-,-,-,-,-,-,-,-,-,-,-,-,-,-,15:53,15:55,15:57
t113,-,-,-,-,-,-,-,-,-,15:31,15:33,15:35,15:38,15:41,15:43,15:46,15:48,15:49,15:51,15:53,15:55,15:57,15:59,16:01
t114,15:17,15:19,15:21,15:25,15:25,15:28,15:30,15:33,15:37,15:40,15:42,15:44,15:47,15:50,15:52,15:55,|,|,|,|,|,16:02,|,16:05
t115,-,-,-,-,-,-,-,-,-,-,-,-,-,15:52,15:54,15:57,15:59,16:00,16:02,16:04,16:06,16:08,16:10,16:12
t116,-,-,-,-,-,-,-,-,-,-,-,-,-,-,-,-,-,-,-,-,-,16:11,16:13,16:15
t117,-,-,-,-,-,-,-,-,-,15:55,15:57,15:59,16:02,16:05,16:07,16:10,|,|,|,|,|,16:17,|,16:20
t118,-,-,-,-,-,-,-,-,-,-,-,-,-,16:07,16:09,16:12,16:14,16:15,16:17,16:19,16:21,16:23,16:25,16:27
t119,-,-,-,-,-,-,-,-,-,-,-,-,-,-,-,-,-,-,-,-,-,16:27,16:29,16:31
t120,15:47,15:49,15:51,15:55,15:55,15:58,16:00,16:03,16:07,16:10,16:12,16:14,16:17,16:20,16:22,16:25,|,|,|,|,|,16:32,|,16:35
t121,-,-,-,-,-,-,-,-,-,-,-,-,-,16:23,|,16:27,16:29,16:30,16:32,16:34,16:36,16:38,16:40,16:42
t122,-,-,-,-,-,-,-,-,-,-,-,-,-,-,-,-,-,-,-,-,-,16:43,16:45,16:47
t123,-,-,-,-,-,-,-,-,-,16:25,16:27,16:29,16:32,16:35,16:37,16:40,|,|,|,|,|,16:47,|,16:50
t124,-,-,-,-,-,-,-,-,-,-,-,-,-,16:38,|,16:42,16:44,16:45,16:47,16:49,16:51,16:53,16:55,16:57
t125,-,-,-,-,-,-,-,-,-,-,-,-,-,-,-,-,-,-,-,-,-,16:55,16:57,16:59
t126,16:14,16:16,16:18,16:22,16:22,16:25,16:27,16:30,16:34,16:37,16:39,16:41,16:44,16:47,16:49,16:52,|,|,|,|,|,16:59,|,17:02
t127,-,-,-,-,-,-,-,-,-,16:40,16:42,16:44,16:47,16:50,16:52,16:55,|,|,|,|,|,17:02,|,17:05
t128,-,-,-,-,-,-,-,-,-,-,-,-,-,16:52,16:54,16:57,16:59,17:00,17:02,17:04,17:06,17:08,17:10,17:12
t129,-,-,-,-,-,-,-,-,-,-,-,-,-,-,-,-,-,-,-,-,-,17:10,17:12,17:14
t130,16:29,16:31,16:33,16:37,16:37,16:40,16:42,16:45,16:49,16:52,16:54,16:56,16:59,17:02,17:04,17:07,|,|,|,|,|,17:14,|,17:17
t131,-,-,-,-,-,-,-,-,-,16:55,16:57,16:59,17:02,17:05,17:07,17:10,|,|,|,|,|,17:17,|,17:20
t132,-,-,-,-,-,-,-,-,-,-,-,-,-,-,-,-,-,-,-,-,-,17:22,17:24,17:26
t133,-,-,-,-,-,-,-,-,-,-,-,-,-,17:08,17:10,17:13,17:15,17:16,17:18,17:20,17:22,17:24,17:26,17:28
t134,16:44,16:46,16:48,16:52,16:52,16:55,16:57,17:00,17:04,17:07,17:09,17:11,17:14,17:17,17:19,17:22,|,|,|,|,|,17:29,|,|
t135,-,-,-,-,-,-,-,-,-,17:10,17:12,17:14,17:17,17:20,17:22,17:25,|,|,|,|,|,17:32,|,17:35
t136,-,-,-,-,-,-,-,-,-,-,-,-,-,-,-,-,-,-,-,-,-,17:36,|,17:39
t137,-,-,-,-,-,-,-,-,-,-,-,-,-,17:22,17:24,17:27,17:29,17:30,17:32,17:34,17:36,17:38,17:40,17:42
t138,16:59,17:01,17:03,17:07,17:07,17:10,17:12,17:15,17:19,17:22,17:24,17:26,17:29,17:32,17:34,17:37,|,|,|,|,|,17:44,|,17:47
t139,-,-,-,-,-,-,-,-,-,17:25,17:27,17:29,17:32,17:35,17:37,17:40,|,|,|,|,|,17:47,|,17:50
t140,-,-,-,-,-,-,-,-,-,-,-,-,-,-,-,-,-,-,-,-,-,17:51,17:53,17:55
t141,-,-,-,-,-,-,-,-,-,-,-,-,-,17:37,17:39,17:42,17:44,17:45,17:47,17:49,17:51,17:53,17:55,17:57
t142,17:14,17:16,17:18,17:22,17:22,17:25,17:27,17:30,17:34,17:37,17:39,17:41,17:44,17:47,17:49,17:52,|,|,|,|,|,17:59,|,18:02
t143,-,-,-,-,-,-,-,-,-,17:40,17:42,17:44,17:47,17:50,17:52,17:55,|,|,|,|,|,18:02,|,18:05
t144,-,-,-,-,-,-,-,-,-,-,-,-,-,-,-,-,-,-,-,-,-,18:05,18:07,18:09
t145,-,-,-,-,-,-,-,-,-,-,-,-,-,17:52,17:54,17:57,17:59,18:00,18:02,18:04,18:06,18:08,18:10,18:12
t146,17:29,17:31,17:33,17:37,17:39,17:42,17:44,17:47,17:51,17:54,17:56,17:58,18:01,18:04,18:06,18:09,|,|,|,|,|,18:16,|,|
t147,-,-,-,-,-,-,-,-,-,-,-,-,-,-,-,-,-,-,-,-,-,18:19,18:21,18:23
t148,-,-,-,-,-,-,-,-,-,-,-,-,-,18:07,18:09,18:12,18:14,18:15,18:17,18:19,18:21,18:23,18:25,18:27
t149,-,-,-,-,-,-,-,-,-,18:03,18:05,18:07,18:10,18:13,18:15,18:18,|,18:20,|,|,|,18:26,|,18:29
t150,-,-,-,-,-,-,-,-,-,18:10,18:12,18:14,18:17,18:20,18:22,18:25,|,|,|,|,|,18:32,|,|
t151,-,-,-,-,-,-,-,-,-,-,-,-,-,-,-,-,-,-,-,-,-,18:34,18:36,18:38
t152,-,-,-,-,-,-,-,-,-,-,-,-,-,18:22,18:24,18:27,18:29,18:30,18:32,18:34,18:36,18:38,18:40,18:42
t153,17:59,18:01,18:03,18:07,18:07,18:10,18:12,18:15,18:19,18:22,18:24,18:26,18:29,18:32,18:34,18:37,|,|,|,|,|,18:44,|,18:47
t154,-,-,-,-,-,-,-,-,-,18:25,18:27,18:29,18:32,18:35,18:37,18:40,18:42,18:43,18:45,18:47,18:49,18:51,|,18:54
t155,-,-,-,-,-,-,-,-,-,-,-,-,-,-,-,-,-,-,-,-,-,18:53,18:55,18:57
t156,18:16,18:18,18:20,18:24,18:24,18:27,18:29,18:32,18:36,18:39,18:41,18:43,18:46,18:49,18:51,18:54,18:56,18:57,18:59,19:01,19:03,19:05,19:07,19:09
t157,-,-,-,-,-,-,-,-,-,18:54,18:56,18:58,19:01,19:04,19:06,19:09,19:11,19:12,19:14,19:16,19:18,19:20,19:22,19:24
t158,18:41,18:43,18:45,18:49,18:53,18:56,18:58,19:01,19:05,19:08,19:10,19:12,19:15,19:18,19:20,19:23,19:25,19:26,19:28,19:30,19:32,19:34,|,|
t159,-,-,-,-,-,-,-,-,-,-,-,-,-,-,-,-,-,-,-,-,-,19:36,19:38,19:40
t160,-,-,-,-,-,-,-,-,-,19:21,19:23,19:25,19:28,19:31,19:33,19:36,19:38,19:39,19:41,19:43,19:45,19:47,19:49,19:51
t161,19:08,19:10,19:12,19:16,19:22,19:25,19:27,19:30,19:34,19:37,|,|,|,|,|,|,|,|,|,|,|,|,|,|
t162,-,-,-,-,-,-,-,-,-,19:39,19:41,19:43,19:46,19:49,19:51,19:54,19:56,19:57,19:59,20:01,20:03,20:05,20:07,20:09
t163,19:36,19:38,19:40,19:44,19:44,19:47,19:49,19:52,19:56,19:59,20:01,20:03,20:06,20:09,20:11,20:14,20:16,20:17,20:19,20:21,20:23,20:25,|,|
t164,-,-,-,-,-,-,-,-,-,-,-,-,-,-,-,-,-,-,-,-,-,20:27,20:29,20:31
t165,-,-,-,-,-,-,-,-,-,20:18,20:20,20:22,20:25,20:28,20:30,20:33,20:35,20:36,20:38,20:40,20:42,20:44,20:46,20:48
t166,20:09,20:11,20:13,20:17,20:19,20:22,20:24,20:27,20:31,20:34,|,|,|,20:41,|,20:45,|,|,|,|,|,20:52,20:54,20:56
t167,-,-,-,-,-,-,-,-,-,20:36,20:38,20:40,20:43,20:46,20:48,20:51,20:53,20:54,20:56,20:58,21:00,21:02,21:04,21:06
t168,-,-,-,-,-,-,-,-,-,-,-,-,-,-,-,-,-,-,-,-,-,21:08,|,|
t169,20:41,20:43,20:45,20:49,20:51,20:54,20:56,20:59,21:03,21:06,21:08,21:10,21:13,21:16,21:18,21:21,21:23,21:24,21:26,21:28,21:30,21:32,21:34,21:36
t170,21:09,21:11,21:13,21:17,21:19,21:22,21:24,21:27,21:31,21:34,-,-,-,-,-,-,-,-,-,-,-,-,-,-
t171,-,-,-,-,-,-,-,-,-,-,-,-,-,-,-,-,-,-,-,-,-,21:38,|,|
t172,-,-,-,-,-,-,-,-,-,21:36,21:38,21:40,21:43,21:46,21:48,21:51,21:53,21:54,21:56,21:58,22:00,22:02,22:04,22:06
t173,-,-,-,-,-,-,-,-,-,-,-,-,-,-,-,-,-,-,-,-,-,22:08,|,|
t174,21:41,21:43,21:45,21:49,21:51,21:54,21:56,21:59,22:03,22:06,22:08,22:10,22:13,22:16,22:18,22:21,22:23,22:24,22:26,22:28,22:30,22:32,22:34,22:36
t175,22:09,22:11,22:13,22:17,22:19,22:22,22:24,22:27,22:31,22:34,-,-,-,-,-,-,-,-,-,-,-,-,-,-
t176,-,-,-,-,-,-,-,-,-,-,-,-,-,-,-,-,-,-,-,-,-,22:38,|,|
t177,-,-,-,-,-,-,-,-,-,22:36,22:38,22:40,22:43,22:46,22:48,22:51,22:53,22:54,22:56,22:58,23:00,23:02,23:04,23:06
t178,-,-,-,-,-,-,-,-,-,-,-,-,-,-,-,-,-,-,-,-,-,23:08,|,|
t179,22:41,22:43,22:45,22:49,22:51,22:54,22:56,22:59,23:03,23:06,23:08,23:10,23:13,23:16,23:18,23:21,23:23,23:24,23:26,23:28,23:30,23:32,23:34,23:36
t180,23:09,23:11,23:13,23:17,23:19,23:22,23:24,23:27,23:31,23:34,-,-,-,-,-,-,-,-,-,-,-,-,-,-
t181,-,-,-,-,-,-,-,-,-,-,-,-,-,-,-,-,-,-,-,-,-,23:38,|,|
t182,-,-,-,-,-,-,-,-,-,23:36,23:38,23:40,23:43,23:46,23:48,23:51,23:53,23:54,23:56,23:58,0:00,0:02,0:04,0:06
t183,23:25,23:27,23:29,23:33,23:33,23:36,23:38,23:41,23:45,23:48,-,-,-,-,-,-,-,-,-,-,-,-,-,-
t184,-,-,-,-,-,-,-,-,-,-,-,-,-,-,-,-,-,-,-,-,-,0:08,|,|
t185,0:09,0:11,0:13,0:17,0:17,0:20,0:22,0:25,0:29,0:32,-,-,-,-,-,-,-,-,-,-,-,-,-,-
t186,-,-,-,-,-,20:20,20:23,,,,20:26,|,20:31,-,-,-,-,-,-,-,-,-,-,-
t187,-,-,-,-,-,20:28,,20:30,20:32,20:34,20:37,|,20:41,20:43,20:44,20:47,20:50,20:53,20:56,20:58,21:01,21:05,21:12,21:18
t188,-,-,-,-,-,20:40,20:43,,,,20:46,20:49,20:52,-,-,-,-,-,-,-,-,-,-,-
t189,20:42,,,,20:46,20:58,,21:00,21:02,21:04,21:07,|,21:11,21:13,21:14,21:17,21:20,21:23,21:26,21:28,21:31,21:35,-,-
t190,-,-,-,-,-,21:00,21:03,,,,21:06,21:09,21:12,-,-,-,-,-,-,-,-,-,-,-
t191,-,-,-,-,-,21:20,21:23,,,,21:26,21:29,21:32,-,-,-,-,-,-,-,-,-,-,-
t192,21:12,,,,21:16,21:28,,21:30,21:32,21:34,21:37,|,21:41,21:43,21:44,21:47,21:50,21:53,21:56,21:58,22:01,22:05,22:12,22:18
t193,-,-,-,-,-,21:40,21:43,,,,21:46,21:49,21:52,-,-,-,-,-,-,-,-,-,-,-
t194,-,-,-,-,-,21:58,,22:00,22:02,22:04,22:07,|,22:11,22:13,22:14,22:17,22:20,22:23,22:26,22:28,22:31,22:35,-,-
t195,-,-,-,-,-,22:00,22:03,,,,22:06,22:09,22:12,-,-,-,-,-,-,-,-,-,-,-
t196,22:12,,,,22:16,22:28,,22:30,22:32,22:34,22:37,|,22:41,22:43,22:44,22:47,22:50,22:53,22:56,22:58,23:01,23:05,23:12,23:18
t197,-,-,-,-,-,22:30,22:33,,,,22:36,22:39,22:42,-,-,-,-,-,-,-,-,-,-,-
t198,-,-,-,-,-,22:58,,23:00,23:02,23:04,23:07,|,23:11,23:13,23:14,23:17,23:20,23:23,23:26,23:28,23:31,23:35,-,-
t199,-,-,-,-,-,23:00,23:03,,,,23:06,23:09,23:12,-,-,-,-,-,-,-,-,-,-,-
t200,-,-,-,-,-,23:28,,23:30,23:32,23:34,23:37,|,23:41,23:43,23:44,23:47,23:50,23:53,23:56,23:58,0:01,0:05,0:12,0:18
t201,-,-,-,-,-,23:30,23:33,,,,23:36,23:39,23:42,-,-,-,-,-,-,-,-,-,-,-
t202,23:42,,,,23:46,23:58,,0:00,0:02,0:04,0:07,|,0:11,0:13,0:14,0:17,0:20,0:23,0:26,0:28,0:31,0:35,-,-
t203,-,-,-,-,-,0:10,0:13,,,,0:16,0:19,0:22,-,-,-,-,-,-,-,-,-,-,-
t204,0:12,,,,0:16,0:28,,0:30,0:32,0:34,0:37,|,0:41,0:43,0:44,0:47,0:50,0:53,0:56,0:58,1:01,1:05,1:12,1:18
